Name                         URL
# $Id$
"Adhari, Hakim"              "http://www.tdr.wiwi.uni-due.de/en/team/hakim-adhari/"
"Al, Ahmed Abd El"           "http://ees2cy.engr.ccny.cuny.edu/wwwa/web/aabdelal/ahmed-starsproject"
"Alay, Özgü"                 "https://simula.no/people/ozgu"
"Amer, Paul D."              "http://www.eecis.udel.edu/~amer/"
"Arge, Stein Erlend"         "https://simula.no/people/earge"
"Aziz, Adnan"                "http://www.tdr.wiwi.uni-due.de/en/team/adnan-aziz/"
"Baltrūnas, Džiugas"         "https://simula.no/people/dziugas"
"Bayer, Andreas"             "http://www.tdr.wiwi.uni-due.de/en/team/andreas-bayer/"
"Becke, Martin"              "http://www.familie-becke.de/"
"Bellovin, Steven M."        "https://www.cs.columbia.edu/~smb/"
"Bialla, Daniel"             "https://www.uni-due.de/zim/organisation/mitarbeiterInnen/mitarbeiter_details.php?id=104"
"Bjørgeengen, Jarle"         "https://simula.no/people/jarle"
"Bonaventure, Olivier"       "https://perso.uclouvain.be/olivier.bonaventure/blog/html/pages/bio.html"
"Camarillo, Gonzalo"         "https://fi.linkedin.com/pub/gonzalo-camarillo/1/475/925"
"Caro, Armando L."           "http://www.armandocaro.net/"
"Coene, Lode"                "https://be.linkedin.com/pub/lode-coene/7/8ab/678"
"Conrad, Phillip T."         "http://www.cs.ucsb.edu/~pconrad/"
#"Dreibholz, Thomas"          "https://simula.no/people/dreibh"
"Dreibholz, Thomas"          "http://www.exp-math.uni-essen.de/~dreibh/"
"Du, Wencai"                 "http://cist.hainu.edu.cn/news/showteacherdetail.do?userId=91"
"Ekiz, Nasif"                "http://www.eecis.udel.edu/~nekiz/"
"Elmokashfi, Ahmed"          "https://simula.no/people/ahmed"
"Evensen, Kristian Riktor"   "https://simula.no/people/kristrev"
"Fa, Fu"                     "http://cist.hainu.edu.cn/news/showteacherdetail.do?userId=44"
"Ferlin-Oliveira, Simone"    "https://simula.no/people/ferlin"
"Formann, Johannes"          "http://dc.informatik.uni-essen.de/Formann/all/"
"Gopal, Ram"                 "https://www.linkedin.com/pub/ram-gopal/7/25b/3a8"
"Gran, Ernst Gunnar"         "https://simula.no/people/ernstgr"
"Guttman, Erik"              "https://de.linkedin.com/in/erikguttman"
"Haugerud, Hårek"            "https://www.hioa.no/tilsatt/haugerud"
"Henke, Christian"           "http://www.av.tu-berlin.de/menue/team/former_fellows/christian_henke/"
"Hoffstadt, Dirk"            "http://www.tdr.wiwi.uni-due.de/en/team/dirk-hoffstadt/"
"Hohendorf, Carsten"         "https://www.xing.com/profile/Carsten_Hohendorf"
"Holdrege, Matt"             "https://fr.linkedin.com/pub/matt-holdrege/0/8/28"
"Huth, Dieter"               "https://www.uni-due.de/zim/organisation/mitarbeiterInnen/mitarbeiter_details.php?id=35"
"IJsselmuiden, Avril J."     "https://web.archive.org/web/20071010055641/http://www.beds.ac.uk/departments/computing/staff/avril-ijsselmuiden/"
"Ioannidis, John"            "https://www.linkedin.com/in/jayeye"
"Iyengar, Janardhan R."      "http://www.fandm.edu/janardhan-iyengar"
"Jerschow, Yves Igor"        "http://www.tdr.wiwi.uni-due.de/en/team/yves-igor-jerschow/"
"Jesup, Randell"             "https://mozillians.org/en-US/u/jesup/"
"Jungmaier, Andreas"         "http://www.linkedin.com/pub/dr-andreas-jungmaier/9/967/29b"
"Keromytis, Angelos D."      "https://www.cs.columbia.edu/~angelos/"
"Kozuka, Masahiro"           "https://jp.linkedin.com/pub/masahiro-kozuka/59/b33/759/en"
"Kvalbein, Amund"            "https://simula.no/people/amundk"
"Lee, Myung J."              "http://www.ccny.cuny.edu/profiles/Myung-Jong-Lee.cfm"
"Lei, Peter"                 "https://www.linkedin.com/in/peterlei1"
"Livadariu, Ioana"           "https://simula.no/people/ioana"
"Loreto, Salvatore"          "http://www.sloreto.com/"
"Loughney John"              "https://www.linkedin.com/in/jloughney"
"Loughney, John"             "https://www.linkedin.com/in/jloughney"
"Lysne, Olav"                "https://simula.no/people/olavly"
"Morneault, Ken"             "https://www.linkedin.com/pub/ken-morneault/3/2bb/331"
"Mulik, Jaiwant"             "https://www.linkedin.com/pub/jaiwant-mulik/2/264/9ab"
"Natarajan, Preethi"         "https://www.linkedin.com/pub/preethi-natarajan/3/972/830"
"Nielsen, Karen E. E."       "https://dk.linkedin.com/pub/karen-e-egede-nielsen/9/66b/45b"
"Nishida, Yoshifumi"         "http://www.nishida.org/"
"Ong, Lyndon"                "https://www.linkedin.com/pub/lyndon-ong/0/3b9/344"
"Otis, Douglas"              "https://www.linkedin.com/pub/doug-otis/5/7b3/456"
"Paasch, Christoph"          "http://inl.info.ucl.ac.be/cpaasch"
"Packeiser, Markus"          "http://www.tdr.wiwi.uni-due.de/en/team/markus-packeiser/"
"Pastor-Balbas, Javier"      "https://es.linkedin.com/in/jjavierpastor"
"Paxson, Vern"               "http://www.icir.org/vern/"
"Poon, Kacheong"             "http://www.linkedin.com/pub/kacheong-poon/1/644/785"
"Pulinthanath, Jobin"        "http://www.tdr.wiwi.uni-due.de/en/team/former-staff/jobin-pulinthanath/"
"Ramalho, Michael A."        "https://www.linkedin.com/in/mramalho"
"Rathgeb, Erwin Paul"        "http://www.tdr.wiwi.uni-due.de/en/team/erwin-p-rathgeb/"
"Rescorla, Eric"             "http://www.rtfm.com/"
"Riegel, Maximilian"         "https://de.linkedin.com/pub/max-riegel/8/988/ab3"
"Rodríguez, Iván Arias"      "https://fi.linkedin.com/pub/iván-arias-rodríguez/0/a60/b13"
"Rüngeler, Irene"            "https://www.fh-münster.de/fb2/personen/mitarbeiter/ruengeler/"
"Rytina, Ian"                "https://www.linkedin.com/pub/ian-rytina/0/b86/780"
"Saadawi, Tarek N."          "http://www.ccny.cuny.edu/profiles/Tarek-N-Saadawi.cfm"
"Schöttle, Pascal"           "https://www.wi.uni-muenster.de/department/groups/security/people/pascal-schoettle"
"Schwarzbauer, Hanns Jürgen" "https://www.linkedin.com/pub/hannsjuergen-schwarzbauer/4/b/2a6"
"Seggelmann, Robin"          "http://www.robin-seggelmann.de/"
"Selzer, Jan"                "https://de.linkedin.com/pub/jan-selzer/6/97/580"
"Sengodan, Senthil"          "https://www.linkedin.com/pub/senthil-sengodan/0/151/a50"
"Sharp, Chip"                "https://www.linkedin.com/profile/view?id=10834839"
"Shore, Melinda"             "https://www.linkedin.com/pub/melinda-shore/9/667/236"
"Silverton, Aron J."         "https://www.linkedin.com/in/silverton"
"Simsek, Irfan"              "http://www.tdr.wiwi.uni-due.de/en/team/irfan-simsek/"
"Şimşek, Irfan"              "http://www.tdr.wiwi.uni-due.de/en/team/irfan-simsek/"
"Smith, Avril J."            "https://web.archive.org/web/20071010055641/http://www.beds.ac.uk/departments/computing/staff/avril-ijsselmuiden/"
"Sterbenz, James P. G."      "https://www.ittc.ku.edu/~jpgs/"
"Stewart, Randall R."        "http://people.freebsd.org/~rrs/"
"Stillman, Maureen"          "https://www.linkedin.com/in/maureenstillman"
"Stone, Jonathan"            "http://gregorio.stanford.edu/JonathanStone.html"
"Striewe, Michael"           "http://paluno.uni-due.de/en/the-institute/team/phd-and-postdoc-researchers/michael-striewe/"
"Tüxen, Michael"             "https://www.fh-muenster.de/fb2/personen/professoren/tuexen/" 
"Unurkhaan, Esbold"          "https://www.linkedin.com/pub/unurkhaan-esbold/86/190/497"
"Vey, Simon"                 "https://www.xing.com/profile/Simon_Vey"
"Welzl, Michael"             "http://heim.ifi.uio.no/michawe/"
"Werner, Sebastian"          "http://www.tdr.wiwi.uni-due.de/en/team/sebastian-werner/"
"Xiang, Jie"                 "https://simula.no/people/jxiang"
"Xie, Qiaobing"              "https://www.linkedin.com/pub/qiaobing-xie/6/a23/b11"
"Yarroll, La Monte H. P."    "https://www.linkedin.com/in/piggy"
"Yasevich, Vladislav"        "https://www.linkedin.com/in/vladyasevich"
"Yoakum, John"               "https://www.linkedin.com/in/johnyoakum"
"Zhang, Lixia"               "http://www.cs.ucla.edu/~lixia/"
"Zhou, Xing"                 "http://cist.hainu.edu.cn/news/showteacherdetail.do?userId=66"
"Zhu, Wenyu"                 "https://www.xing.com/profile/Wenyu_Zhu"
"Zong, Ning"                 "https://cn.linkedin.com/pub/ning-zong/15/737/490"
"Øslebø, Arne"               "https://no.linkedin.com/pub/arne-%C3%B8sleb%C3%B8/83/753/b94"
"Golkar, Forough"            "https://no.linkedin.com/pub/forough-golkar/5b/b22/1"
"Siwakoti, Yuba Raj"         "https://no.linkedin.com/pub/yuba-raj-siwakoti/39/964/a99"
"Pakmehr, Mehraj"            "https://no.linkedin.com/pub/mehraj-pakmehr/2b/282/a3"
