"Ahmed Elmokashfi"             "Ahmed Mustafa Elmokashfi"
"Anna Brunstrom"               "Anna Brunström"
"Armando Caro"                 "Armando L. Caro"
"Aron Silverton"               "Aron J. Silverton"
"A. Smith"                     "Avril J. Smith"
"b. benjamin.hesmans@uclouvain.be" "Benjamin Hesmans"
"Benoit Claise"                "Benoît Claise"
"Bob Braden"                   "Robert Braden"
"Brian Carpenter"              "Brian E. Carpenter"
"Christophe Paasch"            "Christoph Paasch"
"C. Partridge"                 "Craig Partridge"
"Dave Borman"                  "David A. Borman"
"David Borman"                 "David A. Borman"
"D. Borman"                    "Dave Borman"
"D. Eastlake 3rd"              "Donald E. Eastlake"
"D. Lingli"                    "Lingli Deng"
"D. Mills"                     "David L. Mills"
"Donald E. Eastlake 3rd"       "Donald E. Eastlake"
"D. Plummer"                   "David C. Plummer"
"E. Ed"                        "Edward Lopez"
"Fabien Duchene"               "Fabien Duchêne"
"Francois Yergeau"             "François Yergeau"
"Godred Fairhurst"             "Gorry Fairhurst"
"Hanns Juergen Schwarzbauer"   "Hanns Jürgen Schwarzbauer"
"HannsJuergen Schwarzbauer"    "Hanns Jürgen Schwarzbauer"
"Harald T. Alvestrand"         "Harald Tveit Alvestrand"
"IOhannes zmoelnig"            "Iohannes Zmoelnig"
"Irene Ruengeler"              "Irene Rüngeler"
"I. Ruengeler"                 "Irene Rüngeler"
"Ivan Arias-Rodriguez"         "Iván Arias Rodríguez"
"J. Adams"                     "John L. Adams"
"Janardhan Iyengar"            "Janardhan R. Iyengar"
"Javier Pastor"                "Javier Pastor-Balbas"
"J. Jana"                      "Janardhan R. Iyengar"
"J. Le Boudec"                 "Jean-Yves Le Boudec"
"J. Mogul"                     "Jeffrey C. Mogul"
"J. Nagle"                     "John Nagle"
"Jogi Hofmueller"              "Jogi Hofmüller"
"John Moy"                     "John T. Moy"
"Jon Postel"                   "Jonathan Bruce Postel"
"J. Pastor"                    "Javier Pastor-Balbas"
"J. Postel"                    "Jonathan Bruce Postel"
"J. Quarterman"                "John S. Quarterman"
"J. Reynolds"                  "Joyce K. Reynolds"
"J. Yoakum"                    "John Yoakum"
"K. KEEN"                      "Karen E. E. Nielsen"
"K. Ramakrishnan"              "K. K. Ramakrishnan"
"L. Deutsch"                   "Laurence Peter Deutsch"
"Leslie Daigle"                "Leslie L. Daigle"
"L. Coene"                     "Lode Coene"
"L. Ong"                       "Lyndon Ong"
"Magnus Nystrom"               "Magnus Nyström"
"Marcelo Bagnulo"              "Marcelo Bagnulo Braun"
"Maria-Carmen Belinchon"       "Maria-Carmen Belinchón"
"Michael Tuexen"               "Michael Tüxen"
"Mirja Kuehlewind"             "Mirja Kühlewind"
"Miroslav Popovic"             "Miroslav Popović"
"M. Tuexen"                    "Michael Tüxen"
"M. Tüxen"                     "Michael Tüxen"
"Nicolas Gast"                 "Nicolas Garbiel Gast"
"o. ozgu@simula.no"            "Özgü Alay"
"Ozgu Alay"                    "Özgü Alay"
"Peter Deutsch"                "Laurence Peter Deutsch"
"Philip Eardley"               "Philip L. Eardley"
"Phillip Conrad"               "Phillip T. Conrad"
"P. Mockapetris"               "Paul V. Mockapetris"
"Randall Stewart"              "Randall R. Stewart"
"R. Braden"                    "Robert Braden"
"R. Hinden"                    "Robert M. Hinden",
"S. Carl-Mitchell"             "Smoot Carl-Mitchell"
"Scott Bradner"                "Scott O. Bradner"
"Sebastien Barre"              "Sébastien Barré"
"Seok J. Koh"                  "Seok-Joo Koh"
"Seok Joo Koh"                 "Seok-Joo Koh"
"S. Floyd"                     "Sally Floyd"
"Stephen Deering"              "Stephen E. Deering"
"Steve Deering"                "Stephen E. Deering"
"Tarek Saadawi"                "Tarek N. Saadawi"
"Thierry Klein"                "Thierry E. Klein"
"Troy Pummill"                 "Troy T. Pummill"
"V. Jacobson"                  "Van Jacobson"
"W. Courtney"                  "Bill Courtney"
"W. Plummer"                   "William W. Plummer"
"W. Stevens"                   "William Richard Stevens"
